{
    "CHN20": {
        "t0": 2020.0,
        "dtx": 0.00115430041328207,
        "dty": 0.000872557581716509,
        "dtz": -0.00114240361888353,
        "drx": -7.808560095988013e-10,
        "dry": -2.520520948678421e-09,
        "drz": 4.332567147751913e-09,
        "drs": 0.0
    },
    "TSN20": {
        "t0": 2020.0,
        "dtx": -0.0027844586745028833,
        "dty": -0.030008528045700967,
        "dtz": 0.03097349554961463,
        "drx": 7.312681630721677e-09,
        "dry": -4.9271074998137855e-09,
        "drz": 2.79240214686331e-09,
        "drs": 0.0
    },
    "TRM20": {
        "t0": 2020.0,
        "dtx": 0.0004925412421930495,
        "dty": 0.008749362008684973,
        "dtz": -0.010696223562183579,
        "drx": -1.6955561998822696e-09,
        "dry": -1.1702180961453092e-08,
        "drz": -3.6405596231366644e-09,
        "drs": 0.0
    },
    "ALS20": {
        "t0": 2020.0,
        "dtx": -0.007395789987295906,
        "dty": -0.010440364449249945,
        "dtz": 0.009571916166803446,
        "drx": 1.948424208731025e-09,
        "dry": -3.33456353157733e-09,
        "drz": 5.349058785555536e-09,
        "drs": 0.0
    },
    "JGR20": {
        "t0": 2020.0,
        "dtx": -0.0011112884598345018,
        "dty": -0.005255589674507696,
        "dtz": 0.004669311383839037,
        "drx": 1.5247362221932615e-09,
        "dry": -2.548299947075045e-10,
        "drz": 6.8206042550428445e-09,
        "drs": 0.0
    },
    "SCS20": {
        "t0": 2020.0,
        "dtx": -0.007527187037310838,
        "dty": -0.0009502278464880992,
        "dtz": -0.005635920813918253,
        "drx": -1.2811954988340727e-09,
        "dry": -3.698341205486965e-09,
        "drz": 5.4713417063949494e-09,
        "drs": 0.0
    },
    "NEC20": {
        "t0": 2020.0,
        "dtx": -0.002316055022401015,
        "dty": -0.0027532763958112686,
        "dtz": 0.0003975605302703431,
        "drx": -7.33377829183854e-10,
        "dry": -1.9295840527471817e-09,
        "drz": 5.571217118011166e-09,
        "drs": 0.0
    },
    "NCH20": {
        "t0": 2020.0,
        "dtx": -0.008015562578649276,
        "dty": -0.002628953203214841,
        "dtz": -0.003138020057095558,
        "drx": -1.224976958323126e-09,
        "dry": -2.5824575872777383e-09,
        "drz": 6.489299338073255e-09,
        "drs": 0.0
    },
    "SCH20": {
        "t0": 2020.0,
        "dtx": -0.001346381036396277,
        "dty": -0.0005366072138745903,
        "dtz": -0.00113010890506305,
        "drx": -8.293973374357619e-10,
        "dry": -2.910137164847645e-09,
        "drz": 4.9601468488461615e-09,
        "drs": 0.0
    },
    "SWC20": {
        "t0": 2020.0,
        "dtx": 0.020531686633038327,
        "dty": 0.001627880754257658,
        "dtz": -0.0006236534203291186,
        "drx": 0.0,
        "dry": 0.0,
        "drz": 0.0,
        "drs": 0.0
    }
}